"first_name","last_name","company_name","address","city","county","state","zip","phone1","phone2","email","web"
"Janey","Gabisi","Dobscha, Stephen F Esq","40 Cambridge Ave","Madison","Dane","WI",53715,"608-967-7194","608-586-6912","jgabisi@hotmail.com","http://www.dobschastephenfesq.com"
"Lili","Paskin","Morgan Custom Homes","20113 4th Ave E","Kearny","Hudson","NJ","07032","201-431-2989","201-478-8540","lili.paskin@cox.net","http://www.morgancustomhomes.com"
"Loren","Asar","Olsen Payne & Company","6 Ridgewood Center Dr","Old Forge","Lackawanna","PA",18518,"570-648-3035","570-569-2356","loren.asar@aol.com","http://www.olsenpaynecompany.com"
"Dorothy","Chesterfield","Cowan & Kelly","469 Outwater Ln","San Diego","San Diego","CA",92126,"858-617-7834","858-732-1884","dorothy@cox.net","http://www.cowankelly.com"
"Maryann","Royster","Franklin, Peter L Esq","74 S Westgate St","Albany","Albany","NY",12204,"518-966-7987","518-448-8982","mroyster@royster.com","http://www.franklinpeterlesq.com"
"Bette","Nicka","Sport En Art","6 S 33rd St","Aston","Delaware","PA",19014,"610-545-3615","610-492-4643","bette_nicka@cox.net","http://www.sportenart.com"
"Veronika","Inouye","C 4 Network Inc","6 Greenleaf Ave","San Jose","Santa Clara","CA",95111,"408-540-1785","408-813-4592","vinouye@aol.com","http://www.cnetworkinc.com"
"Alisha","Slusarski","Wtlz Power 107 Fm","3273 State St","Middlesex","Middlesex","NJ","08846","732-658-3154","732-635-3453","alisha@slusarski.com","http://www.wtlzpowerfm.com"
"Allene","Iturbide","Ledecky, David Esq","1 Central Ave","Stevens Point","Portage","WI",54481,"715-662-6764","715-530-9863","allene_iturbide@cox.net","http://www.ledeckydavidesq.com"
"Catalina","Tillotson","Icn Pharmaceuticals Inc","3338 A Lockport Pl #6","Margate City","Atlantic","NJ","08402","609-373-3332","609-826-4990","catalina@hotmail.com","http://www.icnpharmaceuticalsinc.com"
"Lawrence","Lorens","New England Sec Equip Co Inc","9 Hwy","Providence","Providence","RI","02906","401-465-6432","401-893-1820","lawrence.lorens@hotmail.com","http://www.newenglandsecequipcoinc.com"
"Carlee","Boulter","Tippett, Troy M Ii","8284 Hart St","Abilene","Dickinson","KS",67410,"785-347-1805","785-253-7049","carlee.boulter@hotmail.com","http://www.tippetttroymii.com"